id,lon,lat,address
1,37.45171769,55.51808043,
2,37.45179411,55.51923605,
3,37.45096292,55.52110388,
4,37.45079254,55.5226414,
5,37.4485497,55.52309839,
6,37.44769379,55.52392004,
7,37.44686015,55.52596176,
8,37.44695407,55.52650092,
9,37.44567435,55.53012365,
10,37.44573624,55.530726,
11,37.44737509,55.53247818,
12,37.4465586,55.53251809,
13,37.44838873,55.53519889,
14,37.4479462,55.53533119,
15,37.44539678,55.5421406,
16,37.44568716,55.54255625,
17,37.44224272,55.54821053,
18,37.44160537,55.54901005,
19,37.43345406,55.55340871,
20,37.43361077,55.55368043,
21,37.43507621,55.55822563,
22,37.43517018,55.55867531,
23,37.44035423,55.56251751,
24,37.44117129,55.56271324,
25,37.44461059,55.5652027,
26,37.44417688,55.56522224,
27,37.45462635,55.56708353,
28,37.4554723,55.56713117,
29,37.4585214,55.56996253,
30,37.45931813,55.5700344,
31,37.46062525,55.57165508,
32,37.46281795,55.5724665,"ул. Сосенский Стан, д.5"
33,37.46467481,55.57412847,
34,37.46536666,55.5753388,"ул. Сосенский Стан, д.3"
35,37.46686144,55.57594605,"ул. Сосенский Стан, д.1"
36,37.46886192,55.58187826,
37,37.46767098,55.58218224,
38,37.47184878,55.5841339,
39,37.371334,55.58803105,"Радужная ул., д.14, к.5"
40,37.47350586,55.58810001,
41,37.47490218,55.58836261,
42,37.36610233,55.59099837,"Солнечная ул., д.3А"
43,37.37245093,55.59124718,"Радужная ул., д.10"
44,37.36406096,55.59357022,
45,37.36798033,55.5937172,"Московская ул., д.3А"
46,37.35075139,55.59448984,
47,37.35173773,55.59471046,
48,37.34809634,55.59548154,
49,37.34783046,55.59606994,
50,37.34680012,55.5971644,
51,37.34799935,55.59855664,
52,37.35026979,55.59882004,
53,37.48084183,55.5988636,
54,37.34998056,55.59988965,
55,37.48307269,55.60004954,
56,37.35009835,55.60073218,
57,37.48264457,55.60110563,
58,37.34971816,55.60285056,
59,37.34824562,55.60292147,
60,37.48548173,55.60314331,
61,37.48485317,55.60382879,
62,37.35452691,55.60426947,
63,37.35410186,55.60459222,
64,37.35515084,55.60536496,
65,37.29023724,55.60720875,"2-я Рейсовая ул., д.2"
66,37.29085963,55.60752877,"2-я Рейсовая ул., д.2"
67,37.29331124,55.60768546,"2-я Рейсовая ул., д.6, к.2"
68,37.2917789,55.60895362,"1-я Рейсовая ул., д.2"
69,37.28781584,55.61094231,"пос.Внуково, Центральная ул., д.8"
70,37.28734319,55.61152614,"Центральная ул., д.13"
71,37.34893208,55.61248789,
72,37.49584809,55.61289417,"Профсоюзная ул., д.131Г"
73,37.34863839,55.6133398,
74,37.49621223,55.61368189,"ул. Генерала Тюленева, д.41А"
75,37.74851317,55.61389253,"Ореховый бульв., д.24, к.2"
76,37.74850979,55.61409705,"Ореховый бульв., д.53А"
77,37.28238525,55.61413964,"пос.Внуково, Центральная ул., д.25"
78,37.74592766,55.61414128,"Ореховый бульв., д.47Г"
79,37.28289087,55.6142225,"пос.Внуково, Центральная ул., д.25"
80,37.74413026,55.61451002,"Ореховый бульв., д.45, к.1"
81,37.74432812,55.61487971,"Ореховый бульв., д.45, к.1"
82,37.34550917,55.61535847,
83,37.50973549,55.61565746,"Новоясеневский просп., д.4"
84,37.34457343,55.6163604,
85,37.50209147,55.61637051,"Профсоюзная ул., д.156, к.1"
86,37.74372345,55.6170427,"ул. Мусы Джалиля, д.38, к.1"
87,37.50726541,55.61764561,"Новоясеневский просп., д.2"
88,37.74388032,55.61787439,"ул. Мусы Джалиля, д.38, к.1"
89,37.50609591,55.61883676,"Профсоюзная ул., д.129А"
90,37.33910997,55.61894185,
91,37.27407944,55.61900706,"пос.Внуково, Центральная ул."
92,37.27447753,55.61907184,"пос.Внуково, Центральная ул."
93,37.33907922,55.61991719,
94,37.27281881,55.62007579,"Боровское ш., д.17"
95,37.74348217,55.62012795,"ул. Мусы Джалиля, д.26, к.1"
96,37.74298017,55.62113006,"ул. Мусы Джалиля, д.26, к.1"
97,37.73105229,55.62153676,"Шипиловская ул., д.44"
98,37.73692685,55.62167273,"Шипиловская ул., д.48, к.1"
99,37.73193825,55.62177828,"Шипиловская ул., д.37, к.1"
100,37.73692725,55.62189196,"Шипиловская ул., д.41, к.1"
101,37.72796487,55.62192367,"Борисовский пр., д.26, к.1"
102,37.74197093,55.6219902,"Шипиловская ул., д.45"
103,37.72760869,55.62266121,
104,37.71260686,55.62467696,"Борисовский пр., д.1, к.1"
105,37.71613097,55.62501066,"Борисовский пр., д.5"
106,37.7270813,55.62515248,"Борисовский пр., д.24, к.1"
107,37.29748104,55.62544038,
108,37.33738575,55.62578501,
109,37.29727393,55.62579599,
110,37.72642801,55.62581275,"Борисовский пр., д.20"
111,37.72195426,55.62592666,"Борисовский пр., д.14, к.1"
112,37.72062858,55.6259339,"Борисовский пр., д.11А"
113,37.70933248,55.62636354,"Каширское ш., д.80, к.1"
114,37.33769427,55.62668273,
115,37.70991398,55.62675954,"Каширское ш., д.61А"
116,37.31524579,55.62919004,
117,37.31481578,55.62940304,
118,37.67463421,55.6295888,"Ереванская ул., д.31"
119,37.68331796,55.63035255,"Каспийская ул., д.6"
120,37.67334885,55.63067492,"Ереванская ул., д.15, к.1"
121,37.33537759,55.63114521,"ул. Федосьино, д.3Б"
122,37.76867695,55.63126811,"Братеевская ул., д.16, к.6"
123,37.76733214,55.63129438,"Братеевская ул., д.16, к.6"
124,37.75446278,55.63139994,"Братеевская ул., д.21, к.4"
125,37.75593382,55.63161839,"Братеевская ул., д.21, к.5"
126,37.76378699,55.63162481,"Ключевая ул., д.24, к.1"
127,37.70368217,55.631689,"Каширское ш., д.80А"
128,37.66885202,55.63193438,"Ереванская ул., д.3"
129,37.7491282,55.63204384,"ул. Борисовские Пруды, д.16, к.6"
130,37.70425965,55.63205806,"Каширское ш., д.80А"
131,37.74351443,55.63210419,"ул. Борисовские Пруды, д.14, к.4"
132,37.76375544,55.63213171,"Ключевая ул., д.22, к.1"
133,37.74530642,55.63215687,"ул. Борисовские Пруды, д.14, к.4"
134,37.68349091,55.63240114,"Каспийская ул., д.4"
135,37.73798658,55.63243576,"ул. Борисовские Пруды, д.8, к.3"
136,37.73707581,55.63244285,"ул. Борисовские Пруды, д.6, к.2"
137,37.33284699,55.63262864,"Боровское ш., д.2А"
138,37.75167237,55.63278348,"Братеевская ул., д.21, к.1"
139,37.74936818,55.63288189,"ул. Борисовские Пруды, д.16, к.5"
140,37.76010714,55.63303809,"Братеевская ул., д.10, к.1"
141,37.52892826,55.63310597,"ул. Островитянова, д.37А"
142,37.76144942,55.63316277,"Братеевская ул., д.10, к.1"
143,37.67911684,55.63320042,"ул. Медиков, д.20"
144,37.33309308,55.63321984,"ул. Анны Ахматовой, д.14"
145,37.52452111,55.63328722,"ул. Островитянова, д.32"
146,37.73357496,55.63342395,"ул. Борисовские Пруды, д.6, к.1"
147,37.76432598,55.63347164,"Братеевская ул., д.16, к.1"
148,37.76292425,55.63360811,"Братеевская ул., д.10, к.1"
149,37.34180459,55.63362973,"ул. Федосьино, д.3Б"
150,37.76339018,55.63374432,"Братеевская ул., д.10, к.1"
151,37.52324365,55.63379817,"ул. Островитянова, д.31"
152,37.33625999,55.63390334,"ул. Федосьино, д.3Б"
153,37.77008445,55.63397006,"Братеевская ул., д.18, к.3"
154,37.52133376,55.63397931,"Профсоюзная ул., д.109В"
155,37.76359279,55.63400404,
156,37.77036979,55.6340607,"Братеевская ул., д.20, к.2"
157,37.33664602,55.63413776,"ул. Федосьино, д.3Б"
158,37.34048621,55.63414313,"ул. Федосьино, д.3Б"
159,37.73311119,55.63416839,"ул. Борисовские Пруды, д.6, к.1"
160,37.53181915,55.63422402,"ул. Введенского, д.32"
161,37.67419086,55.63431054,"ул. Медиков, д.4"
162,37.68558874,55.63444636,"Каспийская ул., д.2, к.1, стр. 2"
163,37.51919339,55.63445269,"ул. Островитянова, д.29"
164,37.68537172,55.63455418,"Каспийская ул., д.2, к.1"
165,37.51936696,55.63461703,"ул. Островитянова, д.27, к.1"
166,37.33349979,55.63462004,"ул. Федосьино, д.5"
167,37.33687259,55.63465124,"ул. Федосьино, д.3Б"
168,37.75091125,55.63484018,"Братеевская ул., д.21, к.2"
169,37.34779572,55.63486381,"Боровское ш., д.52"
170,37.72814437,55.63515056,"ул. Борисовские Пруды, д.29А"
171,37.72309643,55.63524079,"ул. Борисовские Пруды, д.21, к.1"
172,37.53440607,55.63531414,"ул. Введенского, д.26"
173,37.73030189,55.63532854,"ул. Борисовские Пруды, д.29А"
174,37.71639255,55.63536099,"ул. Борисовские Пруды, д.7, к.1"
175,37.76345244,55.63540288,"Паромная ул., д.11"
176,37.34773148,55.63541187,"Боровское ш., д.50"
177,37.72442766,55.63545193,"ул. Борисовские Пруды, д.25, к.1"
178,37.72189512,55.63548555,"ул. Борисовские Пруды, д.19, к.1"
179,37.70695791,55.63559423,"ул. Борисовские Пруды, д.1"
180,37.51496505,55.63563515,
181,37.71506877,55.63570139,"ул. Борисовские Пруды, д.5, к.1"
182,37.70549472,55.63580056,"ул. Борисовские Пруды, д.1"
183,37.53529345,55.63590438,"ул. Введенского, д.26"
184,37.74831518,55.63594398,"ул. Борисовские Пруды, д.16, к.2"
185,37.51416069,55.63615782,"ул. Островитянова, д.27, к.2"
186,37.76299924,55.63620315,"Паромная ул., д.9, к.4"
187,37.51211878,55.63672434,"ул. Островитянова, д.18"
188,37.77072067,55.63683697,"Братеевская ул., д.24А"
189,37.69326865,55.63690212,"Каширское ш., д.80Г"
190,37.69453387,55.63691902,"Каширское ш., д.57, к.1"
191,37.69522379,55.63703143,"Каширское ш., д.57, к.1"
192,37.67715547,55.63715939,"Кантемировская ул., д.3, к.3"
193,37.77133127,55.6372305,"Братеевская ул., д.39"
194,37.51131213,55.63728274,"ул. Академика Арцимовича, д.17"
195,37.74996423,55.63731577,"ул. Борисовские Пруды, д.18, к.1"
196,37.68621525,55.63740332,"Каширское ш., д.78Б"
197,37.35195652,55.63789474,"Боровское ш., д.38"
198,37.76111657,55.63801711,"Паромная ул., д.7, к.1"
199,37.53727346,55.63811987,"ул. Миклухо-Маклая, д.38"
200,37.53711379,55.63838804,
201,37.50750007,55.63854456,"ул. Островитянова, д.15, к.1"
202,37.5074084,55.6387793,"ул. Островитянова, д.15, к.1"
203,37.76060831,55.63890442,"Паромная ул., д.5, к.1"
204,37.35477988,55.63914697,"Боровское шоссе, д.47Б"
205,37.77103802,55.63930249,"Алма-Атинская ул., д.8"
206,37.67257191,55.63930746,"ул. Кошкина, д.21"
207,37.50469853,55.63960312,"ул. Островитянова, д.15, к.1"
208,37.77095534,55.63989149,"Алма-Атинская ул., д.7, к.1"
209,37.50441279,55.63997746,"ул. Академика Волгина, д.41"
210,37.35541652,55.64000466,"Боровское ш., д.30"
211,37.68557563,55.64008922,"Каспийская ул., д.2А"
212,37.53557798,55.64014288,"ул. Миклухо-Маклая, д.59"
213,37.75910897,55.64027966,"ул. Борисовские Пруды, д.26"
214,37.68599686,55.64041735,"Каширское ш., д.49"
215,37.53312577,55.64053936,"ул. Миклухо-Маклая, д.36А"
216,37.35721558,55.64065934,"Боровское ш., д.39"
217,37.67160417,55.64069032,"ул. Кошкина, д.13, к.1"
218,37.76000065,55.64110426,"ул. Борисовские Пруды, д.28"
219,37.53020277,55.64161975,"ул. Миклухо-Маклая, д.53, к.1"
220,37.49906723,55.6418015,"ул. Островитянова, д.11, к.1"
221,37.76883202,55.64184964,
222,37.52811364,55.64193192,"Профсоюзная ул., д.91"
223,37.71574551,55.64220311,"Батайский пр., д.17"
224,37.68139989,55.64225471,"Каширское ш., д.49"
225,37.76882612,55.64225692,
226,37.71469567,55.64237343,"Батайский пр., д.17А"
227,37.67991653,55.64239201,"Каширское ш., д.76, к.1"
228,37.71045952,55.64251317,"Батайский пр., д.3"
229,37.71969146,55.64254287,"Батайский пр., д.21"
230,37.49761121,55.64260548,"ул. Академика Опарина, д.4"
231,37.7189083,55.64270788,"Батайский пр., д.21"
232,37.76511231,55.64284038,"ул. Борисовские Пруды, д.38"
233,37.7405614,55.64286151,"Батайский пр., д.53"
234,37.3602353,55.6429145,"Боровское ш., д.31"
235,37.76663007,55.64298892,"ул. Борисовские Пруды, д.38"
236,37.70926939,55.64299245,"Донецкая ул., д.35"
237,37.52365282,55.64304648,"ул. Миклухо-Маклая, д.22А"
238,37.73958914,55.64307722,"Батайский пр., д.53"
239,37.72547348,55.64310144,"Батайский пр., д.33"
240,37.7345875,55.64315341,"Батайский пр., д.41"
241,37.52440209,55.64318057,"ул. Миклухо-Маклая, д.22А"
242,37.72601282,55.64331415,"Батайский пр., д.33"
243,37.74424797,55.64338601,"Батайский пр., д.65"
244,37.73371342,55.64341239,"Батайский пр., д.41"
245,37.52406878,55.6435659,"ул. Миклухо-Маклая, д.47А"
246,37.49354747,55.64397463,"ул. Островитянова, д.10"
247,37.67660013,55.64407322,"Каширское ш., д.45"
248,37.74497284,55.64407429,"Батайский пр., д.65"
249,37.36303113,55.64410403,"Боровское ш., д.29"
250,37.67508731,55.64410956,"Каширское ш., д.64, к.1"
251,37.4913928,55.64502393,"ул. Островитянова, д.5"
252,37.36382311,55.64506692,"Боровское ш., д.27"
253,37.70828712,55.64517563,"Донецкая ул., д.27"
254,37.48945104,55.645544,"ул. Островитянова, д.1"
255,37.71072171,55.64568226,"Донецкая ул., д.28"
256,37.48828761,55.64619535,"ул. Островитянова, д.4"
257,37.72792145,55.64633638,"Новочеркасский бульв., д.30"
258,37.73253985,55.64645977,"Новочеркасский бульв., д.32"
259,37.73343743,55.64671011,"Новочеркасский бульв., д.36"
260,37.74374702,55.6467298,"Люблинская ул., д.118"
261,37.73763317,55.64674184,"Новочеркасский бульв., д.44"
262,37.36661821,55.64674874,"Боровское ш., д.25А"
263,37.66813929,55.64687338,"Каширское ш., д.52"
264,37.48443221,55.64696675,"Ленинский просп., д.123Б"
265,37.72970035,55.6469761,"ул. Маршала Голованова, д.11"
266,37.7393716,55.64719682,"Новочеркасский бульв., д.55, к.2"
267,37.66825052,55.64724084,"Каширское ш., д.33, к.17"
268,37.7106591,55.64737345,"Донецкая ул., д.28"
269,37.36868944,55.64750952,"Боровское ш., д.25А"
270,37.71055123,55.64775391,"Донецкая ул., д.26"
271,37.48538394,55.64778212,"ул. Островитянова, д.2А"
272,37.74077903,55.64793599,"Новочеркасский бульв., д.57, к.1"
273,37.72692038,55.64800865,"ул. Маршала Голованова, д.16"
274,37.74187138,55.64825913,"Новочеркасский бульв., д.55"
275,37.72658252,55.64854557,"ул. Маршала Голованова, д.16"
276,37.36994918,55.64879932,"Боровское ш., д.20"
277,37.66179779,55.64930766,"Каширское ш., д.40, к.2"
278,37.37205904,55.64958632,"Боровское ш., д.17"
279,37.66220064,55.64968546,"Каширское ш., д.31"
280,37.72649275,55.64991655,"ул. Маршала Голованова, д.4"
281,37.70675446,55.65030746,
282,37.70700474,55.6504567,
283,37.72675155,55.65048026,"ул. Маршала Голованова, д.2"
284,37.38269398,55.65152348,"Боровский пр., д.17"
285,37.70642822,55.65167973,
286,37.38535005,55.65202592,"Боровский пр., д.15а"
287,37.37816369,55.6522045,"Боровское ш., д.10"
288,37.72219113,55.65248671,"ул. Перерва, д.31Б"
289,37.38863485,55.6526304,"Боровский пр., д.9"
290,37.72190067,55.65343977,"ул. Нижние Поля, д.134"
291,37.48006591,55.65393649,"просп. Вернадского, д.127"
292,37.65028579,55.65416756,"Каширское ш., д.26, к.1"
293,37.72312587,55.65459795,"ул. Нижние Поля, д.134"
294,37.39328074,55.65469235,"Боровский пр., д.1"
295,37.39440969,55.65490534,"Боровский пр., д.2"
296,37.72420785,55.65507948,"Иловайская ул., д.3"
297,37.64893413,55.65530675,"Каширское ш., д.25Б"
298,37.64702216,55.65562314,"Каширское ш., д.24"
299,37.49718151,55.65606855,"Ленинский просп., д.113"
300,37.64521533,55.65642892,"Каширское ш., д.24"
301,37.49692926,55.6564565,"Ленинский просп., д.146"
302,37.48031665,55.65668839,"просп. Вернадского, д.123"
303,37.49278295,55.65668976,"ул. 26-ти Бакинских Комиссаров, д.3А"
304,37.49298716,55.65690318,"ул. 26-ти Бакинских Комиссаров, д.4, к.1"
305,37.64459127,55.65715899,"Каширское ш., д.23"
306,37.72592188,55.65724163,"Иловайская ул., д.2Б"
307,37.481051,55.65724974,"просп. Вернадского, д.121, к.1"
308,37.39810407,55.65751919,"Боровское ш., д.6, к.3"
309,37.39975803,55.65755081,"Боровское ш., д.6, к.3"
310,37.72447554,55.65766781,"Иловайская ул., д.3А"
311,37.48999371,55.65802519,"ул. 26-ти Бакинских Комиссаров, д.3, к.1"
312,37.49042786,55.65808524,"ул. 26-ти Бакинских Комиссаров, д.8, к.1"
313,37.71608981,55.65859006,"Иловайская ул., д.9"
314,37.7097793,55.65861597,
315,37.71659698,55.65865019,"Иловайская ул., д.9"
316,37.40385593,55.65889082,"Боровское шоссе, д.6Б"
317,37.40636299,55.65915008,"Боровское ш., д.11"
318,37.63866084,55.65947273,"Каширское ш., д.22, к.3, стр. 17"
319,37.48110251,55.6594982,"просп. Вернадского, д.117А"
320,37.71139069,55.65970065,
321,37.72086104,55.65980694,"Иловайская ул., д.12"
322,37.48191397,55.65984696,"просп. Вернадского, д.113"
323,37.63856634,55.65996296,"Каширское ш., д.22, к.3, стр. 17"
324,37.41192184,55.65998803,Боровское шоссе
325,37.40875263,55.66005854,"Боровское ш., д.2"
326,37.72074799,55.66020646,"Иловайская ул., д.12"
327,37.41712541,55.66031552,"Боровское шоссе, д.2"
328,37.41755283,55.66065764,"Боровское шоссе, д.2"
329,37.42631926,55.66096397,"Боровское ш., д.2"
330,37.42564743,55.66124719,"Боровское ш., д.2"
331,37.6344226,55.6614063,"Каширское ш., д.16, к.1, стр. 8"
332,37.48176323,55.66166753,"просп. Вернадского, д.86Б"
333,37.63455878,55.66185033,"Каширское ш., д.21"
334,37.48462849,55.66188311,"просп. Вернадского, д.109"
335,37.48284913,55.66197745,"просп. Вернадского, д.109"
336,37.43736544,55.66242676,Озёрная ул.
337,37.4355517,55.66335314,"Озёрная ул., д.47Г"
338,37.7174147,55.6633643,
339,37.71698846,55.66357085,
340,37.50987344,55.66370012,"Ленинский просп., д.109"
341,37.50914408,55.663826,"Ленинский просп., д.109"
342,37.48398476,55.66398638,"просп. Вернадского, д.105, к.3"
343,37.47940843,55.66406506,"просп. Вернадского, д.84"
344,37.47661965,55.6641181,"ул. Академика Анохина, д.5, к.3"
345,37.47080067,55.66485474,"ул. Покрышкина, д.8"
346,37.46825266,55.6649039,"ул. Покрышкина, д.7, к.1"
347,37.44088467,55.66512619,"Озёрная ул., д.46А"
348,37.46693596,55.66525788,"ул. Академика Анохина, д.12А"
349,37.44068215,55.66558243,"Озёрная ул., д.46"
350,37.7201477,55.66569432,"Шоссейная ул., д.92"
351,37.51400339,55.66645375,"Ленинский просп., д.103"
352,37.72140217,55.6668562,"ул. Полбина, д.72"
353,37.51389072,55.66698124,"Ленинский просп., д.110, к.1"
354,37.62867244,55.66747492,"Каширское ш., д.6, к.1"
355,37.62934951,55.66772971,"Каширское ш., д.11, к.1"
356,37.45672103,55.66828324,"Никулинская ул., д.15, к.1"
357,37.45603843,55.66894878,"Никулинская ул., д.15, к.1"
358,37.51957884,55.67020276,"Ленинский просп., д.99"
359,37.72343219,55.67031757,"ул. Полбина, д.68"
360,37.44868968,55.67032981,"Никулинская ул., д.27, к.3"
361,37.44898245,55.67041717,"Озёрная ул., д.33, к.2"
362,37.45234498,55.67051538,"Никулинская ул., д.27, к.2"
363,37.45066271,55.67053077,"Никулинская ул., д.27, к.3"
364,37.51922308,55.67062603,"ул. Удальцова, д.1А"
365,37.72399205,55.67081128,"ул. Полбина, д.66"
366,37.44872779,55.67114994,"Озёрная ул., д.33, к.1"
367,37.45035494,55.67134535,"Озёрная ул., д.33, к.2"
368,37.72532354,55.67292196,"ул. Полбина, д.31"
369,37.52358695,55.67293856,
370,37.45745875,55.67329422,"ул. Мичуринский Проспект, Олимпийская Деревня, д.19"
371,37.45836538,55.67329986,"ул. Мичуринский Проспект, Олимпийская Деревня, д.19"
372,37.52308358,55.67330667,"Ленинский просп., д.90"
373,37.72516765,55.67331318,"ул. Полбина, д.60"
374,37.52500753,55.67393402,"Ленинский просп., д.90"
375,37.68466248,55.67537437,"Затонная ул., д.14, к.2"
376,37.52678728,55.67569115,"Ленинский просп., д.88"
377,37.72654038,55.67572741,"ул. Полбина, д.56"
378,37.62630689,55.67573588,
379,37.52782502,55.67582096,"Ленинский просп., д.91"
380,37.68612322,55.67610673,
381,37.67479348,55.6761208,"ул. Новинки, д.21"
382,37.67745117,55.67618562,"ул. Новинки, д.31"
383,37.67354687,55.67654682,"ул. Новинки, д.17"
384,37.66743278,55.67679834,"ул. Новинки, д.4"
385,37.6663927,55.67711439,"ул. Новинки, д.1"
386,37.69009163,55.67711796,"ул. Речников, д.25"
387,37.69107562,55.67717012,"ул. Речников, д.25"
388,37.52899325,55.67722804,"Ленинский просп., д.86"
389,37.46482285,55.67751614,"ул. Мичуринский Проспект, Олимпийская Деревня, д.3, к.1"
390,37.72794763,55.67766033,"ул. Полбина, д.21"
391,37.53044767,55.67766095,"Ленинский просп., д.89"
392,37.66567339,55.677722,"ул. Новинки, д.1"
393,37.46448359,55.67779356,"ул. Мичуринский Проспект, Олимпийская Деревня, д.3, к.1"
394,37.62551736,55.67798058,"Варшавское ш., д.49, к.1"
395,37.69516819,55.67831299,"Коломенская ул., д.21"
396,37.69438885,55.6783303,"Коломенская ул., д.16"
397,37.62474332,55.67861735,"Варшавское ш., д.36"
398,37.72849681,55.67917908,"ул. Полбина, д.46"
399,37.53330631,55.67958504,"Ленинский просп., д.87"
400,37.69860892,55.67965559,"Коломенская ул., д.15"
401,37.663662,55.67967439,"просп. Андропова, д.28"
402,37.46715864,55.67971393,"ул. Мичуринский Проспект, Олимпийская Деревня, д.1, к.1"
403,37.53275324,55.67973235,"Ленинский просп., д.87"
404,37.69011192,55.67975332,"ул. Речников, д.21"
405,37.66492138,55.6799932,"просп. Андропова, д.19А"
406,37.6908594,55.68040887,"ул. Речников, д.19"
407,37.70043845,55.68048736,"Коломенская ул., д.11"
408,37.72955795,55.68060596,"ул. Полбина, д.9, к.2"
409,37.46933931,55.68069577,"ул. Мичуринский Проспект, Олимпийская Деревня, д.1, к.2"
410,37.6244507,55.6810098,"Нагатинская ул., д.2А"
411,37.62379262,55.68127848,"Варшавское ш., д.32"
412,37.53549608,55.68163585,"Ленинский просп., д.78"
413,37.7299219,55.68204473,"ул. Кухмистерова, д.20"
414,37.53724931,55.68220067,"Ленинский просп., д.83"
415,37.701842,55.68265537,"Коломенская ул., д.7"
416,37.47164317,55.68274167,"Мичуринский просп., д.70"
417,37.70250043,55.6829009,"Коломенская ул., д.7"
418,37.47275924,55.68293323,"Мичуринский просп., д.70"
419,37.66383372,55.68333233,"просп. Андропова, д.22"
420,37.7312924,55.68416053,"ул. Полбина, д.3"
421,37.62293301,55.68423237,"Варшавское ш., д.26"
422,37.69340238,55.68430161,"ул. Речников, д.14, к.2, стр. 2"
423,37.7053565,55.68430957,"Коломенская ул., д.3"
424,37.62357841,55.68441771,"Варшавское ш., д.39"
425,37.70530251,55.68447695,"Коломенская ул., д.1"
426,37.73113158,55.68468801,
427,37.69396762,55.68474819,"ул. Речников, д.14, к.1"
428,37.54097374,55.68476641,"Ленинский просп., д.79"
429,37.66618995,55.68529988,
430,37.47581382,55.68533273,"ул. Пельше, д.68, к.1"
431,37.54077856,55.68560768,"Ленинский просп., д.74"
432,37.70782708,55.68567388,"Коломенская ул., д.1"
433,37.69145258,55.68606018,"Судостроительная ул., д.47"
434,37.67218206,55.68608959,"Нагатинская наб., д.40А"
435,37.67108991,55.68610829,"Нагатинская наб., д.40А"
436,37.47930685,55.68647574,"Мичуринский просп., д.51"
437,37.69238404,55.68654617,"Судостроительная ул., д.44"
438,37.54470283,55.68724197,"Ленинский просп., д.75"
439,37.54419606,55.68751335,"Ленинский просп., д.70"
440,37.73258786,55.6877525,"ул. Полбина, д.16"
441,37.67861316,55.68786526,"Нагатинская наб., д.48"
442,37.67802001,55.68790252,"Нагатинская наб., д.48"
443,37.73292397,55.68820288,"ул. Полбина, д.16"
444,37.48280279,55.68864974,"ул. Удальцова, д.93"
445,37.48219058,55.68869264,"Мичуринский просп., д.62"
446,37.69368236,55.68874337,"Судостроительная ул., д.59"
447,37.6942309,55.68900748,"Судостроительная ул., д.59"
448,37.68375678,55.68933952,"Нагатинская наб., д.54"
449,37.68318523,55.689356,"Нагатинская наб., д.54"
450,37.54724717,55.68942519,"Ленинский просп., д.68"
451,37.54835888,55.6894759,"Ленинский просп., д.73"
452,37.62232668,55.68954077,
453,37.62171054,55.68969014,"Варшавское ш., д.37"
454,37.7202122,55.68995102,"ул. Гурьянова, д.8"
455,37.6946834,55.69004455,
456,37.69518824,55.69024983,
457,37.72098617,55.69028335,
458,37.68962809,55.69077381,"Нагатинская наб., д.62"
459,37.68910616,55.69088822,"Нагатинская наб., д.62"
460,37.7311176,55.69099569,"ул. Полбина, д.8"
461,37.69448379,55.69114304,
462,37.73122471,55.69122549,"ул. Полбина, д.8"
463,37.48705932,55.69140693,"Мичуринский просп., д.58, к.1"
464,37.55203096,55.69157488,"Ленинский просп., д.67"
465,37.72208559,55.69159557,"ул. Гурьянова, д.3"
466,37.48817315,55.69161254,"Мичуринский просп., д.58, к.1"
467,37.55159711,55.69193817,"Ленинский просп., д.66"
468,37.72203748,55.6919575,"ул. Гурьянова, д.2Б"
469,37.7290416,55.69211563,"ул. Гурьянова, д.2"
470,37.72926208,55.69233733,"ул. Гурьянова, д.2"
471,37.49140192,55.69329393,"ул. Раменки, д.6, к.2"
472,37.72661733,55.69331442,"ул. Гурьянова, д.2"
473,37.49041011,55.69331473,"Мичуринский просп., д.54, к.1"
474,37.72552468,55.69336232,"Шоссейная ул., д.2, к.3"
475,37.55579141,55.69429086,"Ленинский просп., д.62"
476,37.55765459,55.69477619,"Ленинский просп., д.61"
477,37.49646514,55.69599653,"Мичуринский просп., д.31, к.1"
478,37.62106257,55.69640401,"Варшавское ш., д.19"
479,37.49553551,55.69640807,"Мичуринский просп., д.38"
480,37.46500137,55.69657362,"Аминьевское ш., д.1"
481,37.46688548,55.69667841,
482,37.62028972,55.69676373,"Варшавское ш., д.12"
483,37.49864042,55.69726061,"Мичуринский просп., д.29"
484,37.56225851,55.69735359,"Ленинский просп., д.55"
485,37.56134317,55.69745359,"Ленинский просп., д.54"
486,37.46059199,55.69878521,"Очаковское ш., д.2Б"
487,37.46977146,55.69887353,
488,37.46952575,55.69902558,
489,37.50268509,55.69947624,"Мичуринский просп., д.21, к.1"
490,37.50171181,55.69977702,"ул. Пельше, д.26"
491,37.56548418,55.69978192,"Ленинский просп., д.50А"
492,37.56658535,55.69980998,"Ленинский просп., д.51"
493,37.45981812,55.70107132,"Аминьевское ш., д.1"
494,37.62082122,55.70109375,"Варшавское ш., д.2"
495,37.50444676,55.7013018,"Мичуринский просп., д.22, к.1"
496,37.47241025,55.70163129,
497,37.50676557,55.70174042,"Мичуринский просп., д.9"
498,37.6218884,55.7023698,"Варшавское ш., д.3"
499,37.50640041,55.70237157,"Мичуринский просп., д.16"
500,37.57116571,55.7024521,"Ленинский просп., д.47"
501,37.57065318,55.7026353,"Ленинский просп., д.40"
502,37.47385651,55.70285391,"Матвеевская ул., д.1, к.2, стр. 1"
503,37.50923955,55.70310068,"Мичуринский просп., д.7"
504,37.45839888,55.70331085,"Матвеевская ул., д.9"
505,37.45750972,55.70331735,"Аминьевское ш., д.3А"
506,37.57357785,55.70377982,"Ленинский просп., д.45А"
507,37.57252898,55.70380958,"Ленинский просп., д.38"
508,37.6212862,55.70457157,"Большая Тульская ул., д.50"
509,37.51226659,55.70477369,"Мичуринский просп., д.3"
510,37.51108146,55.70495375,"Мичуринский просп., д.8"
511,37.45620641,55.70523578,"Аминьевское ш., д.9"
512,37.48068948,55.70527177,"Матвеевская ул., д.2"
513,37.48132649,55.70536384,"Веерная ул., д.1, к.4"
514,37.62172582,55.70546135,"Большая Тульская ул., д.44"
515,37.57846809,55.70639371,"Ленинский просп., д.41"
516,37.57784961,55.70664416,"Ленинский просп., д.34"
517,37.5128769,55.70683165,"ул. Дружбы, д.10"
518,37.4563113,55.70684579,"Аминьевское ш., д.13"
519,37.62090917,55.70700843,"Большая Тульская ул., д.10"
520,37.48508517,55.70802425,"Веерная ул., д.20"
521,37.48668734,55.70804291,"Веерная ул., д.18А"
522,37.58364942,55.70905831,"Ленинский просп., д.37А"
523,37.50761446,55.70913575,"Ломоносовский просп., д.43"
524,37.58279568,55.70921642,"Ленинский просп., д.32"
525,37.44935145,55.70937544,"ул. Генерала Дорохова, д.1"
526,37.44771584,55.70962415,"Верейская ул., д.11"
527,37.48954737,55.71007351,"Веерная ул., д.10"
528,37.50764475,55.71010675,"Ломоносовский просп., д.38"
529,37.62215703,55.71026532,"Большая Тульская ул., д.13"
530,37.62151148,55.71032494,"Большая Тульская ул., д.2"
531,37.49004774,55.71045013,"Веерная ул., д.10"
532,37.44520365,55.71056551,"Верейская ул., д.7"
533,37.58604983,55.71136495,"Ленинский просп., д.37"
534,37.49064072,55.71137227,"Веерная ул., д.4, к.1"
535,37.50791045,55.71147133,"Мосфильмовская ул., д.72А"
536,37.44063312,55.71157349,"Верейская ул., д.23"
537,37.58723687,55.71160948,"Ленинский просп., д.35"
538,37.49055562,55.71167756,"Веерная ул., д.6"
539,37.43941029,55.71183636,"Верейская ул., д.27"
540,37.43574215,55.71202373,"Верейская ул., д.39"
541,37.50939114,55.71233213,"Мосфильмовская ул., д.35"
542,37.42350089,55.7128852,"Верейская ул., д.35"
543,37.5111841,55.71290637,"Мосфильмовская ул., д.31"
544,37.43096018,55.71293941,"Верейская ул., д.41"
545,37.62210127,55.71315627,"Люсиновская ул., д.72"
546,37.42894762,55.71368132,"Верейская ул., д.41"
547,37.42252066,55.71378971,"Верейская ул., д.35"
548,37.42299797,55.71386623,"Верейская ул., д.35"
549,37.62458854,55.71387425,"Подольское ш., д.8"
550,37.58964424,55.71412922,"Ленинский просп., д.26"
551,37.59169836,55.71487998,"Ленинский просп., д.27"
552,37.62570327,55.71544578,"Большая Серпуховская ул., д.35"
553,37.62212588,55.71560333,"Люсиновская ул., д.68"
554,37.51646301,55.71586499,"Мосфильмовская ул., д.17"
555,37.51638878,55.71621425,"Мосфильмовская ул., д.60"
556,37.42310696,55.71642729,"Рябиновая ул., д.8, к.1"
557,37.42362274,55.71650216,"Рябиновая ул., д.9"
558,37.40729461,55.7165678,"Можайское ш., д.45Б"
559,37.59355962,55.71698562,"Ленинский просп., д.20"
560,37.40708389,55.71723927,"Можайское ш., д.48"
561,37.62217293,55.71725319,"Люсиновская ул., д.64"
562,37.5951081,55.7174141,"Ленинский просп., д.27"
563,37.41328378,55.71765921,"Можайское ш., д.39"
564,37.51905952,55.71773529,"Мосфильмовская ул., д.13"
565,37.5200971,55.71789828,"Мосфильмовская ул., д.13"
566,37.40141312,55.71833514,"ул. Толбухина, д.5, к.1"
567,37.38657258,55.71854549,"Барвихинская ул., д.9"
568,37.41394452,55.71856171,"Можайское ш., д.38, к.1"
569,37.3856911,55.71867854,"Барвихинская ул., д.9"
570,37.40169999,55.71901143,"ул. Толбухина, д.8, к.1"
571,37.4236718,55.71906429,"Можайское ш., д.29"
572,37.38594683,55.71913621,"Барвихинская ул., д.9"
573,37.62780194,55.71942783,"Павловская ул., д.7"
574,37.62217293,55.72010465,"ул. Павла Андреева, д.23"
575,37.42275044,55.72014075,"Можайское ш., д.28"
576,37.59825404,55.72025132,"Ленинский просп., д.10, к.3"
577,37.38826341,55.72025968,"Барвихинская ул., д.16, к.1"
578,37.38960544,55.72051338,"Барвихинская ул., д.20А"
579,37.60000784,55.72072855,"Ленинский просп., д.15"
580,37.52469353,55.72091952,"Мосфильмовская ул., д.22"
581,37.52635477,55.72144148,"Мосфильмовская ул., д.1"
582,37.39190177,55.72155218,"ул. Говорова, д.18"
583,37.40085868,55.72172653,"ул. Толбухина, д.9, к.1"
584,37.39305644,55.72177017,"ул. Говорова, д.18"
585,37.40107648,55.72207283,"ул. Толбухина, д.12, к.1"
586,37.62770898,55.72210574,"Большая Серпуховская ул., д.31, к.1"
587,37.62219435,55.72263741,"Люсиновская ул., д.39"
588,37.39723772,55.72326052,"ул. Толбухина, д.13, к.3"
589,37.52883701,55.72327617,"Мосфильмовская ул., д.8, к.1"
590,37.52993667,55.72347762,"Мосфильмовская ул., д.1"
591,37.39859883,55.72393336,"ул. Толбухина, д.13, к.2"
592,37.60501139,55.72405544,"Ленинский просп., д.9"
593,37.62622664,55.72499391,"Большая Серпуховская ул., д.27"
594,37.62262505,55.72531559,"Люсиновская ул., д.27"
595,37.53332687,55.72537339,"Мосфильмовская ул., д.2В"
596,37.53301564,55.72558421,"Мосфильмовская ул., д.2В"
597,37.6062154,55.72561231,"Ленинский просп., д.9"
598,37.53676635,55.72691416,"Воробьёвское ш., д.6"
599,37.53625536,55.72712577,"Воробьёвское ш., д.6"
600,37.42345039,55.72789842,"ул. Ивана Франко, д.32, к.1"
601,37.41560286,55.72805871,"ул. Ивана Франко, д.38, к.1"
602,37.62477717,55.72807443,"Большая Серпуховская ул., д.14"
603,37.61138998,55.72818824,"Калужская пл., д.1, к.1"
604,37.54509156,55.7283354,"Воробьёвское ш., д.2"
605,37.62329099,55.72852104,"Люсиновская ул., д.9"
606,37.54389598,55.72856888,Воробьёвское ш.
607,37.61116936,55.72864998,"Ленинский просп., д.2А"
608,37.62428644,55.72911193,"Большая Серпуховская ул., д.6"
609,37.41197986,55.72931216,"Партизанская ул., д.7, к.1"
610,37.42375877,55.72967841,"Кунцевская ул., д.1"
611,37.85912214,55.73034153,"Салтыковская ул., д.1А"
612,37.41773889,55.7305506,"Кунцевская ул., д.11"
613,37.41236763,55.73058064,"Кунцевская ул., д.13"
614,37.55064232,55.73059741,
615,37.8558674,55.73074356,"ул. Николая Старостина, д.11"
616,37.85718646,55.73092885,"ул. Николая Старостина, д.13"
617,37.61188518,55.73104774,"ул. Большая Якиманка, д.56"
618,37.55274889,55.73114005,"Бережковская наб., д.22"
619,37.61244858,55.73139134,"ул. Большая Якиманка, д.54"
620,37.42501323,55.73146175,"Полоцкая ул., д.10"
621,37.85488578,55.73167784,"ул. Николая Старостина, д.11"
622,37.42385401,55.73234446,"Полоцкая ул., д.21"
623,37.55526161,55.73264475,"Бережковская наб., д.16"
624,37.41915975,55.733633,"Молодогвардейская ул., д.25, к.1"
625,37.41266478,55.73372104,
626,37.41785937,55.73389267,"Молодогвардейская ул., д.30, к.1"
627,37.42318933,55.7338932,"Молодогвардейская ул., д.18"
628,37.41556992,55.73389967,
629,37.61264428,55.73422024,"ул. Большая Якиманка, д.32"
630,37.61323346,55.73434,"ул. Большая Якиманка, д.35"
631,37.85469391,55.73441871,"Новокосинская ул., д.11, к.1"
632,37.85513453,55.73460469,"Новокосинская ул., д.10, к.1"
633,37.41184215,55.7357904,"Партизанская ул., д.25"
634,37.41217461,55.73607064,"Партизанская ул., д.27"
635,37.854969,55.73675002,"Новокосинская ул., д.13, к.2"
636,37.56376307,55.73679346,"Бережковская наб., д.14"
637,37.61513311,55.73745241,"ул. Большая Якиманка, д.19"
638,37.56550486,55.73773518,"Бережковская наб., д.12"
639,37.85582258,55.73781698,"Новокосинская ул., д.14А"
640,37.41199036,55.73832891,"Ярцевская ул., д.19"
641,37.85747284,55.73916511,"Новокосинская ул., д.17, к.3"
642,37.61561918,55.73922672,"ул. Малая Якиманка, д.9"
643,37.41398915,55.7392575,"Ярцевская ул., д.21, к.1"
644,37.56666475,55.73930454,"Бережковская наб., д.8"
645,37.85886057,55.7395355,"Новокосинская ул., д.20, к.1"
646,37.61661236,55.73972358,"ул. Малая Якиманка, д.9"
647,37.41420988,55.73979026,"Ярцевская ул., д.21, к.1"
648,37.41606537,55.74069333,"Ярцевская ул., д.30"
649,37.56915282,55.74106335,"пл. Европы, д.2"
650,37.41463303,55.74160241,"Ярцевская ул., д.25, к.3"
651,37.86274676,55.74179331,"Новокосинская ул., д.27"
652,37.86356401,55.74184716,"Новокосинская ул., д.28"
653,37.41504782,55.74185491,"Ярцевская ул., д.25, к.3"
654,37.81844797,55.74322566,"Кетчерская ул., д.2, к.1"
655,37.86434601,55.74325225,"Новокосинская ул., д.31"
656,37.61447198,55.74339382,"ул. Серафимовича, д.2"
657,37.86591669,55.74348062,"Новокосинская ул., д.35"
658,37.56626241,55.74358086,"пл. Киевского Вокзала, д.1"
659,37.83370267,55.7436577,"Кетчерская ул., д.16"
660,37.5678482,55.74367364,"пл. Киевского Вокзала, д.1"
661,37.82025358,55.74390493,"Кетчерская ул., д.4Б"
662,37.81358738,55.74391416,"Перовская ул., д.70"
663,37.83291746,55.74392436,"Кетчерская ул., д.16"
664,37.61481186,55.74398684,"ул. Серафимовича, д.2"
665,37.82180223,55.74404603,"Кетчерская ул., д.8, к.1"
666,37.83004246,55.74405964,"Кетчерская ул., д.10"
667,37.86350769,55.74461382,"Суздальская ул., д.15А"
668,37.82931629,55.74463711,"Кетчерская ул., д.7"
669,37.85328693,55.74470103,"Носовихинское ш., д.2А"
670,37.82587748,55.74473469,"Кетчерская ул., д.3Г"
671,37.82447717,55.7448216,"Кетчерская ул., д.3Г"
672,37.85282575,55.74490617,"Носовихинское ш., д.2А"
673,37.86501463,55.74492255,"Суздальская ул., д.15А"
674,37.86046008,55.74524604,"Носовихинское ш., д.9"
675,37.81242352,55.74630943,"ул. Алексея Дикого, д.20"
676,37.81472617,55.74673896,"Свободный просп., д.30"
677,37.60962465,55.74860459,"ул. Волхонка, д.6"
678,37.60972419,55.75102744,"ул. Воздвиженка, д.3"
679,37.81674097,55.75132782,"Свободный просп., д.24"
680,37.81466536,55.75143321,"Зелёный просп., д.56"
681,37.61168128,55.75307304,"Манежная пл., д.1"
682,37.63415655,55.7535265,
683,37.6125503,55.75510269,"Моховая ул., д.11"
684,37.61676758,55.75753024,"ул. Охотный Ряд, д.2"
685,37.6274054,55.7584966,"Лубянская пл., д.1"
686,37.61948342,55.75852048,"Театральный пр., д.2"
687,37.61897188,55.75886714,"ул. Большая Дмитровка, д.2"
688,37.62846828,55.75924994,"Мясницкая ул., д.6"
689,37.62522564,55.75971881,"Театральный пр., д.5"
690,37.58447653,55.7759935,"1-я Тверская-Ямская ул., д.29"
691,37.58463229,55.77647154,"1-я Тверская-Ямская ул., д.29"
692,37.57900682,55.77879349,"Ленинградский просп., д.3"
693,37.57900539,55.77999579,"Ленинградский просп., д.12"
694,37.54518524,55.78027559,"ул. Поликарпова, д.16"
695,37.55751537,55.7802898,"Беговая ул., д.13"
696,37.54482742,55.78038802,"ул. Поликарпова, д.27А"
697,37.57375824,55.78122116,"Ленинградский просп., д.13"
698,37.53716531,55.78165762,"Хорошёвское ш., д.38Д"
699,37.57538383,55.78166547,"Ленинградский просп., д.22"
700,37.56005029,55.78176157,"Беговая ул., д.17, к.1"
701,37.5554154,55.78191474,"1-й Боткинский пр., д.2"
702,37.53812958,55.78203004,"Хорошёвское ш., д.38Д"
703,37.55434762,55.78225992,"1-й Боткинский пр., д.1"
704,37.53480996,55.78298977,"ул. Поликарпова, д.23А, к.12"
705,37.57242764,55.78305097,"Ленинградский просп., д.26, к.1"
706,37.55133341,55.7830797,"2-й Боткинский пр., д.7, к.1"
707,37.55066587,55.78312065,"2-й Боткинский пр., д.7, к.1"
708,37.56685776,55.78438943,"Ленинградский просп., д.27"
709,37.55906087,55.78447676,"Ленинградский просп., д.31А"
710,37.56772582,55.78523753,"Ленинградский просп., д.34"
711,37.56295713,55.78617779,"1-й Боткинский пр., д.8"
712,37.35496245,55.78670401,"ул. Василия Ботылёва, д.37"
713,37.53744278,55.78684939,"Ходынский бульв., д.3"
714,37.35612604,55.78701533,"ул. Василия Ботылёва, д.12"
715,37.53838139,55.78716926,"Ходынский бульв., д.3"
716,37.3554274,55.78743348,"ул. Василия Ботылёва, д.37"
717,37.5454281,55.7881515,"ул. Авиаконструктора Микояна, д.2"
718,37.54125856,55.7894263,"Ленинградский просп., д.39"
719,37.54931485,55.79091969,"Ленинградский просп., д.37А"
720,37.5556379,55.79107318,
721,37.3564179,55.79119374,"ул. Василия Ботылёва, д.20"
722,37.35685689,55.79132532,"ул. Василия Ботылёва, д.20"
723,37.55694201,55.7915182,"Трудовая ал., д.3"
724,37.57839628,55.79211707,"ул. Нижняя Масловка, д.10"
725,37.58201742,55.79236001,"ул. Нижняя Масловка, д.6, к.1"
726,37.54849025,55.79263254,"Ленинградский просп., д.37, к.11"
727,37.55905388,55.79291562,"Театральная ал., д.3"
728,37.55799903,55.79305042,"Театральная ал., д.3"
729,37.58801631,55.79380523,"пл. Савёловского Вокзала, д.2"
730,37.36038527,55.79446229,"Новолучанская ул., д.38"
731,37.36146458,55.79451587,"Новолучанская ул., д.38"
732,37.57700018,55.79457583,"Башиловская ул., д.2"
733,37.55895913,55.79487824,"Петровско-Разумовская ал., д.12А"
734,37.57959509,55.79504025,"2-я Квесисская ул., д.15"
735,37.58274548,55.79534376,"Бутырская ул., д.9, к.2"
736,37.55885204,55.79601004,"Петровско-Разумовская ал., д.16"
737,37.57627571,55.79615076,"Башиловская ул., д.9"
738,37.57641334,55.79709428,"Башиловская ул., д.12"
739,37.55490375,55.79732799,"Петровско-Разумовская ал., д.24А"
740,37.37681395,55.79749448,
741,37.55419968,55.79771583,"Петровско-Разумовская ал., д.24А"
742,37.3712206,55.79897028,
743,37.55656948,55.79911254,"ул. 8 Марта, д.1"
744,37.55803944,55.79942257,Старый Петровско-Разумовский пр.
745,37.56760453,55.79998661,4-й Вятский пер.
746,37.56708661,55.80008771,"Петровско-Разумовский пр., д.22, к.6"
747,37.57550586,55.800329,"Башиловская ул., д.19"
748,37.57141493,55.80033914,"4-й Вятский пер., д.35"
749,37.57165224,55.80056848,"4-й Вятский пер., д.16, к.1"
750,37.57477297,55.80082119,"Башиловская ул., д.21"
751,37.56272232,55.80105082,"Петровско-Разумовский пр., д.25, к.3"
752,37.37257755,55.80123456,
753,37.56382951,55.80123862,"Петровско-Разумовский пр., д.25, к.2"
754,37.40584798,55.80277809,"Строгинский бульв., д.30"
755,37.40909919,55.80303338,"Таллинская ул., д.34"
756,37.40492255,55.80316904,
757,37.37425242,55.80393368,"2-я Мякининская ул., д.8"
758,37.40004981,55.8039924,"Строгинский бульв., д.14, к.3"
759,37.43070705,55.8040083,"Строгинское ш., д.1"
760,37.42089408,55.80407017,"ул. Исаковского, д.33, к.3"
761,37.43006678,55.80425857,"ул. Исаковского, д.37, к.2, стр. 1"
762,37.41984077,55.80453395,"ул. Исаковского, д.33, к.3"
763,37.39786193,55.80463196,
764,37.41353839,55.80505634,"ул. Маршала Катукова, д.22"
765,37.39496481,55.80508518,"Строгинский бульв., д.2, к.1"
766,37.41457968,55.80526717,"ул. Маршала Катукова, д.25"
767,37.45439344,55.80550491,"Новощукинская ул., д.7"
768,37.45295859,55.80574253,"Новощукинская ул., д.18, к.1"
769,37.45857237,55.80681789,"Новощукинская ул., д.5"
770,37.46330869,55.80892705,"ул. Маршала Василевского, д.17"
771,37.38384523,55.80912701,"4-я Мякининская ул., д.27"
772,37.38307598,55.80939771,"4-я Мякининская ул., д.27"
773,37.46209483,55.80950232,"ул. Маршала Василевского, д.17"
774,37.43654243,55.82607072,"пр. Стратонавтов, д.9"
775,37.43716311,55.82622964,"пр. Стратонавтов, д.7, к.3"
776,37.43744719,55.82656235,"пр. Стратонавтов, д.7, к.2"
777,37.41655979,55.82812426,"Волоколамское ш., д.83"
778,37.4163669,55.82864424,"Волоколамское ш., д.112"
779,37.40267031,55.83088583,"Волоколамское ш., д.95"
780,37.40308762,55.83134494,"Волоколамское ш., д.128"
781,37.38720034,55.83690535,"Пятницкое шоссе, д.5"
782,37.387486,55.83806835,"Пятницкое ш., д.8"
783,37.38476764,55.84115027,"Пятницкое ш., д.11"
784,37.38468401,55.84170634,"Пятницкое ш., д.14"
785,37.35254474,55.8573146,"Пятницкое ш., д.41"
786,37.35316842,55.85752755,"Пятницкое ш., д.52, к.1"
787,37.3501012,55.85876315,Пятницкое шоссе
788,37.34964067,55.85984097,Пятницкое шоссе
789,37.33155194,55.87297012,
790,37.33077299,55.87415418,
791,37.32672062,55.87612214,
792,37.32614579,55.87683229,
793,37.28743109,55.89348182,
794,37.28683484,55.89389063,
795,37.27553848,55.89864138,
796,37.27224131,55.89934323,
797,37.26959101,55.89959304,
798,37.26183168,55.90287952,
799,37.26191637,55.90310447,
800,37.23114068,55.90900491,
801,37.23074759,55.90928292,
802,37.22390778,55.9101107,
803,37.22311283,55.91082719,
804,37.21634235,55.91461599,
805,37.21584045,55.91469528,
806,37.208361,55.91786607,
807,37.20789907,55.91826213,
808,37.19669423,55.92564119,
809,37.19543046,55.92674721,
810,37.18808283,55.93344123,
811,37.18839273,55.93347428,
812,37.18322833,55.93600082,
813,37.18275933,55.93633514,
814,37.17876057,55.95166604,
815,37.17949909,55.95167114,
816,37.18556821,55.96281963,"пр. № 673, д.1"
817,37.18600283,55.96444424,"Зеленоград, д.2309А"
818,37.14902475,55.96464991,
819,37.14962253,55.96549685,Зеленоград
820,37.14904888,55.96556882,
821,37.18491728,55.96690824,Зеленоград
822,37.18558216,55.9678273,"Зеленоград, д.2302"
823,37.14986771,55.96868197,Зеленоград
824,37.14940469,55.96960223,Зеленоград
825,37.14934769,55.9709606,"Зеленоград, 16-й микрорайон, д.1624"
826,37.14877941,55.97403879,"Зеленоград, 16-й микрорайон, д.1602А"
827,37.14937382,55.97488227,"Зеленоград, 16-й микрорайон, д.1602"
828,37.18075927,55.97557354,"Зеленоград, Заводская ул., д.18"
829,37.148758,55.97599588,"Зеленоград, 16-й микрорайон, д.1605"
830,37.18026523,55.9760229,"Зеленоград, Заводская ул., д.1"
831,37.1506001,55.97706745,"Зеленоград, 16-й микрорайон, д.1606"
832,37.15629243,55.97708545,"Панфиловский просп., д.21"
833,37.15045017,55.97726254,"Зеленоград, 15-й микрорайон, д.1565"
834,37.16054747,55.9773153,"Зеленоград, 15-й микрорайон, д.1546"
835,37.1550233,55.97731957,"Панфиловский просп., д.23"
836,37.16216682,55.9777848,"Зеленоград, 18-й микрорайон, д.1801"
837,37.1617507,55.97820677,"Зеленоград, 15-й микрорайон, д.1538"
838,37.17273107,55.97922334,"ул. Ленина, д.1"
839,37.17270971,55.97968144,"Привокзальная пл., д.1"
840,37.16174927,55.98019918,"Зеленоград, 15-й микрорайон, д.1513"
841,37.16215017,55.98050635,"Зеленоград, 18-й микрорайон, д.1805"
842,37.16882099,55.98205122,"Зеленоград, 18-й микрорайон, д.1824"
843,37.16213583,55.98276585,"Зеленоград, 18-й микрорайон, д.1818"
844,37.16839463,55.98287196,"Зеленоград, 18-й микрорайон, д.1824"
845,37.16176088,55.98318557,"Зеленоград, 15-й микрорайон, д.1519"
846,37.16542133,55.9839902,"Зеленоград, 18-й микрорайон, д.1824"
847,37.16554578,55.98421642,"Зеленоград, 14-й микрорайон, д.1462"
