tr_id,unit_id,route_id,has_schedule,in_test
115106,664030,,False,False
116057,794446,,False,False
116445,663271,,False,False
118726,1112060,,False,False
119145,668372,,False,False
120439,666753,,False,False
122048,893159,1,True,True
122613,913870,2,True,True
122658,786201,3,True,True
124423,815631,,False,False
129803,890371,,False,False
129964,894032,4,True,True
130072,896671,5,True,True
130238,902577,6,True,True
130389,910085,,False,False
130460,914839,,False,False
130576,979637,,False,False
131542,984922,,False,False
131672,985940,7,True,True
131954,987268,,False,False
131993,987380,,False,False
132430,1012706,8,True,True
133300,1076894,9,True,True
133957,1099984,10,True,True
134040,1105498,11,True,True
134494,1118231,12,True,True
134585,1120670,,False,False
135081,1133091,13,True,True
135511,1155033,,False,False
136887,1174091,,False,False
9000000,9000000,1,True,False
9000001,9000001,1,True,False
9000002,9000002,2,True,False
9000003,9000003,2,True,False
9000004,9000004,3,True,False
9000005,9000005,3,True,False
9000006,9000006,4,True,False
9000007,9000007,4,True,False
9000008,9000008,5,True,False
9000009,9000009,5,True,False
9000010,9000010,6,True,False
9000011,9000011,6,True,False
9000012,9000012,7,True,False
9000013,9000013,7,True,False
9000014,9000014,8,True,False
9000015,9000015,8,True,False
9000016,9000016,9,True,False
9000017,9000017,9,True,False
9000018,9000018,10,True,False
9000019,9000019,10,True,False
9000020,9000020,11,True,False
9000021,9000021,11,True,False
9000022,9000022,12,True,False
9000023,9000023,12,True,False
9000024,9000024,13,True,False
9000025,9000025,13,True,False
